"git.exe","22652", "1", "2020-10-27T23:58:10", "", 
"runnerw64.exe","35336", "1", "2020-10-27T23:58:10", "", 
"conhost.exe","31976", "1", "2020-10-27T23:58:10", "", 
"ARP.EXE","30472", "0", "2020-10-27T23:58:13", "", 
"conhost.exe","28492", "0", "2020-10-27T23:58:13", "", 
"ARP.EXE","29220", "0", "2020-10-27T23:58:13", "", 
"ARP.EXE","30472", "1", "2020-10-27T23:58:13", "", 
"conhost.exe","28492", "1", "2020-10-27T23:58:13", "", 
"conhost.exe","35016", "0", "2020-10-27T23:58:13", "", 
"ARP.EXE","30004", "0", "2020-10-27T23:58:13", "", 
"conhost.exe","34920", "0", "2020-10-27T23:58:13", "", 
"ARP.EXE","29220", "1", "2020-10-27T23:58:13", "", 
"conhost.exe","35016", "1", "2020-10-27T23:58:13", "", 
"ARP.EXE","30004", "1", "2020-10-27T23:58:13", "", 
"conhost.exe","34920", "1", "2020-10-27T23:58:13", "", 
"ARP.EXE","34820", "0", "2020-10-27T23:58:13", "", 
"conhost.exe","6492", "0", "2020-10-27T23:58:13", "", 
"ARP.EXE","34820", "1", "2020-10-27T23:58:13", "", 
"conhost.exe","6492", "1", "2020-10-27T23:58:13", "", 
"LocationNotificationWindows.exe","16828", "0", "2020-10-27T23:58:14", "", 
"LocationNotificationWindows.exe","16828", "1", "2020-10-27T23:58:20", "", 
"ARP.EXE","31016", "0", "2020-10-27T23:58:49", "", 
"conhost.exe","22652", "0", "2020-10-27T23:58:49", "", 
"ARP.EXE","27412", "0", "2020-10-27T23:58:49", "", 
"conhost.exe","20772", "0", "2020-10-27T23:58:49", "", 
"ARP.EXE","31016", "1", "2020-10-27T23:58:50", "", 
"conhost.exe","22652", "1", "2020-10-27T23:58:50", "", 
"ARP.EXE","27412", "1", "2020-10-27T23:58:50", "", 
"conhost.exe","20772", "1", "2020-10-27T23:58:50", "", 
"ARP.EXE","1644", "0", "2020-10-27T23:59:21", "", 
"conhost.exe","35360", "0", "2020-10-27T23:59:21", "", 
"ARP.EXE","19496", "0", "2020-10-27T23:59:21", "", 
"conhost.exe","19864", "0", "2020-10-27T23:59:21", "", 
"LocationNotificationWindows.exe","20228", "0", "2020-10-27T23:59:22", "", 
"ARP.EXE","1644", "1", "2020-10-27T23:59:22", "", 
"conhost.exe","35360", "1", "2020-10-27T23:59:22", "", 
"ARP.EXE","19496", "1", "2020-10-27T23:59:22", "", 
"conhost.exe","19864", "1", "2020-10-27T23:59:22", "", 
"LocationNotificationWindows.exe","20228", "1", "2020-10-27T23:59:27", "", 
"backgroundTaskHost.exe","33016", "0", "2020-10-28T00:03:51", "", 
"backgroundTaskHost.exe","33948", "0", "2020-10-28T00:03:51", "", 
"backgroundTaskHost.exe","12192", "0", "2020-10-28T00:03:51", "", 
"backgroundTaskHost.exe","8604", "0", "2020-10-28T00:03:51", "", 
"RuntimeBroker.exe","28108", "0", "2020-10-28T00:03:51", "", 
"RuntimeBroker.exe","1132", "0", "2020-10-28T00:03:52", "", 
"LocationNotificationWindows.exe","20220", "0", "2020-10-28T00:03:52", "", 
"backgroundTaskHost.exe","7436", "0", "2020-10-28T00:03:52", "", 
"LocationNotificationWindows.exe","20220", "1", "2020-10-28T00:03:59", "", 
"cmd.exe","5676", "0", "2020-10-28T00:04:23", "", 
"conhost.exe","12772", "0", "2020-10-28T00:04:23", "", 
"chrome.exe","21664", "0", "2020-10-28T00:04:23", "", 
"chrome.exe","3940", "0", "2020-10-28T00:04:23", "", 
"chrome.exe","16992", "0", "2020-10-28T00:04:23", "", 
"cmd.exe","5676", "1", "2020-10-28T00:04:24", "", 
"conhost.exe","12772", "1", "2020-10-28T00:04:24", "", 
"chrome.exe","21664", "1", "2020-10-28T00:04:24", "", 
"chrome.exe","3940", "1", "2020-10-28T00:04:24", "", 
"runnerw64.exe","35792", "0", "2020-10-28T00:04:24", "", 
"conhost.exe","27412", "0", "2020-10-28T00:04:24", "", 
"git.exe","1140", "0", "2020-10-28T00:04:24", "", 
"git.exe","1268", "0", "2020-10-28T00:04:24", "", 
"runnerw64.exe","10888", "0", "2020-10-28T00:04:25", "", 
"git.exe","1268", "1", "2020-10-28T00:04:25", "", 
"git.exe","1140", "1", "2020-10-28T00:04:25", "", 
"runnerw64.exe","35792", "1", "2020-10-28T00:04:25", "", 
"conhost.exe","27412", "1", "2020-10-28T00:04:25", "", 
"conhost.exe","4808", "0", "2020-10-28T00:04:25", "", 
"git.exe","32720", "0", "2020-10-28T00:04:25", "", 
"git.exe","28680", "0", "2020-10-28T00:04:26", "", 
"git.exe","32720", "1", "2020-10-28T00:04:26", "", 
"runnerw64.exe","10888", "1", "2020-10-28T00:04:26", "", 
"conhost.exe","4808", "1", "2020-10-28T00:04:26", "", 
"git.exe","28680", "1", "2020-10-28T00:04:27", "", 
"backgroundTaskHost.exe","33948", "1", "2020-10-28T00:04:52", "", 
"backgroundTaskHost.exe","12192", "1", "2020-10-28T00:04:53", "", 
"backgroundTaskHost.exe","7436", "1", "2020-10-28T00:04:54", "", 
"backgroundTaskHost.exe","33016", "1", "2020-10-28T00:04:56", "", 
"backgroundTaskHost.exe","8604", "1", "2020-10-28T00:04:59", "", 
"RuntimeBroker.exe","28108", "1", "2020-10-28T00:05:23", "", 
"RuntimeBroker.exe","1132", "1", "2020-10-28T00:05:28", "", 
"runnerw64.exe","30912", "0", "2020-10-28T00:08:03", "", 
"conhost.exe","23776", "0", "2020-10-28T00:08:03", "", 
"git.exe","34324", "0", "2020-10-28T00:08:04", "", 
"git.exe","8236", "0", "2020-10-28T00:08:04", "", 
"git.exe","18676", "0", "2020-10-28T00:08:04", "", 
"git-remote-https.exe","28968", "0", "2020-10-28T00:08:04", "", 
"runnerw64.exe","29900", "0", "2020-10-28T00:08:04", "", 
"conhost.exe","1936", "0", "2020-10-28T00:08:04", "", 
"git.exe","31436", "0", "2020-10-28T00:08:04", "", 
"git.exe","21648", "0", "2020-10-28T00:08:04", "", 
"git.exe","22608", "0", "2020-10-28T00:08:04", "", 
"git-remote-https.exe","13508", "0", "2020-10-28T00:08:04", "", 
"git-remote-https.exe","28968", "1", "2020-10-28T00:08:05", "", 
"git.exe","18676", "1", "2020-10-28T00:08:05", "", 
"git.exe","8236", "1", "2020-10-28T00:08:05", "", 
"git.exe","34324", "1", "2020-10-28T00:08:05", "", 
"runnerw64.exe","30912", "1", "2020-10-28T00:08:05", "", 
"conhost.exe","23776", "1", "2020-10-28T00:08:05", "", 
"git-remote-https.exe","13508", "1", "2020-10-28T00:08:05", "", 
"git.exe","22608", "1", "2020-10-28T00:08:05", "", 
"git.exe","21648", "1", "2020-10-28T00:08:05", "", 
"git.exe","31436", "1", "2020-10-28T00:08:05", "", 
"runnerw64.exe","29900", "1", "2020-10-28T00:08:06", "", 
"conhost.exe","1936", "1", "2020-10-28T00:08:07", "", 
"ARP.EXE","33536", "0", "2020-10-28T00:08:13", "", 
"ARP.EXE","33536", "1", "2020-10-28T00:08:13", "", 
"conhost.exe","34016", "0", "2020-10-28T00:08:13", "", 
"conhost.exe","34016", "1", "2020-10-28T00:08:13", "", 
"ARP.EXE","26496", "0", "2020-10-28T00:08:13", "", 
"conhost.exe","4888", "0", "2020-10-28T00:08:13", "", 
"ARP.EXE","35340", "0", "2020-10-28T00:08:13", "", 
"conhost.exe","35400", "0", "2020-10-28T00:08:13", "", 
"ARP.EXE","27688", "0", "2020-10-28T00:08:13", "", 
"conhost.exe","26952", "0", "2020-10-28T00:08:13", "", 
"ARP.EXE","26496", "1", "2020-10-28T00:08:14", "", 
"conhost.exe","4888", "1", "2020-10-28T00:08:14", "", 
"ARP.EXE","35340", "1", "2020-10-28T00:08:14", "", 
"ARP.EXE","27688", "1", "2020-10-28T00:08:14", "", 
"conhost.exe","26952", "1", "2020-10-28T00:08:14", "", 
"conhost.exe","35400", "1", "2020-10-28T00:08:14", "", 
"LocationNotificationWindows.exe","31912", "0", "2020-10-28T00:08:15", "", 
"LocationNotificationWindows.exe","31912", "1", "2020-10-28T00:08:20", "", 
"ARP.EXE","26956", "0", "2020-10-28T00:08:50", "", 
"conhost.exe","15724", "0", "2020-10-28T00:08:50", "", 
"ARP.EXE","2244", "0", "2020-10-28T00:08:50", "", 
"conhost.exe","35492", "0", "2020-10-28T00:08:50", "", 
"ARP.EXE","26956", "1", "2020-10-28T00:08:51", "", 
"conhost.exe","15724", "1", "2020-10-28T00:08:51", "", 
"ARP.EXE","2244", "1", "2020-10-28T00:08:51", "", 
"conhost.exe","35492", "1", "2020-10-28T00:08:51", "", 
"ARP.EXE","14104", "0", "2020-10-28T00:09:20", "", 
"conhost.exe","32572", "0", "2020-10-28T00:09:20", "", 
"ARP.EXE","35100", "0", "2020-10-28T00:09:20", "", 
"conhost.exe","1300", "0", "2020-10-28T00:09:20", "", 
"ARP.EXE","14104", "1", "2020-10-28T00:09:21", "", 
"conhost.exe","32572", "1", "2020-10-28T00:09:21", "", 
"ARP.EXE","35100", "1", "2020-10-28T00:09:21", "", 
"conhost.exe","1300", "1", "2020-10-28T00:09:21", "", 
"runnerw64.exe","15852", "0", "2020-10-28T00:10:10", "", 
"conhost.exe","35604", "0", "2020-10-28T00:10:10", "", 
"git.exe","25004", "0", "2020-10-28T00:10:10", "", 
"git.exe","21880", "0", "2020-10-28T00:10:10", "", 
"runnerw64.exe","20364", "0", "2020-10-28T00:10:10", "", 
"conhost.exe","17988", "0", "2020-10-28T00:10:10", "", 
"git.exe","30640", "0", "2020-10-28T00:10:10", "", 
"git.exe","12996", "0", "2020-10-28T00:10:10", "", 
"runnerw64.exe","20736", "0", "2020-10-28T00:10:11", "", 
"git.exe","21880", "1", "2020-10-28T00:10:11", "", 
"git.exe","25004", "1", "2020-10-28T00:10:11", "", 
"runnerw64.exe","15852", "1", "2020-10-28T00:10:11", "", 
"git.exe","12996", "1", "2020-10-28T00:10:11", "", 
"conhost.exe","35604", "1", "2020-10-28T00:10:11", "", 
"git.exe","30640", "1", "2020-10-28T00:10:11", "", 
"runnerw64.exe","20364", "1", "2020-10-28T00:10:11", "", 
"conhost.exe","17988", "1", "2020-10-28T00:10:11", "", 
"conhost.exe","22224", "0", "2020-10-28T00:10:11", "", 
"git.exe","17572", "0", "2020-10-28T00:10:11", "", 
"git.exe","3204", "0", "2020-10-28T00:10:11", "", 
"git.exe","3204", "1", "2020-10-28T00:10:12", "", 
"git.exe","17572", "1", "2020-10-28T00:10:12", "", 
"runnerw64.exe","20736", "1", "2020-10-28T00:10:12", "", 
"conhost.exe","22224", "1", "2020-10-28T00:10:13", "", 
"cmd.exe","35036", "0", "2020-10-28T00:10:19", "", 
"cmd.exe","35036", "1", "2020-10-28T00:10:19", "", 
"conhost.exe","16520", "0", "2020-10-28T00:10:19", "", 
"chrome.exe","17564", "0", "2020-10-28T00:10:19", "", 
"conhost.exe","16520", "1", "2020-10-28T00:10:19", "", 
"chrome.exe","17564", "1", "2020-10-28T00:10:19", "", 
"chrome.exe","26760", "0", "2020-10-28T00:10:19", "", 
"chrome.exe","31896", "0", "2020-10-28T00:10:19", "", 
"chrome.exe","26760", "1", "2020-10-28T00:10:20", "", 
"runnerw64.exe","30292", "0", "2020-10-28T00:10:20", "", 
"conhost.exe","20588", "0", "2020-10-28T00:10:20", "", 
"git.exe","29972", "0", "2020-10-28T00:10:20", "", 
"git.exe","28920", "0", "2020-10-28T00:10:22", "", 
"git.exe","28920", "1", "2020-10-28T00:10:22", "", 
"git.exe","29972", "1", "2020-10-28T00:10:22", "", 
"runnerw64.exe","30292", "1", "2020-10-28T00:10:22", "", 
"conhost.exe","20588", "1", "2020-10-28T00:10:22", "", 
"runnerw64.exe","13992", "0", "2020-10-28T00:10:43", "", 
"conhost.exe","22676", "0", "2020-10-28T00:10:43", "", 
"git.exe","29872", "0", "2020-10-28T00:10:44", "", 
"git.exe","27180", "0", "2020-10-28T00:10:44", "", 
"git.exe","27180", "1", "2020-10-28T00:10:45", "", 
"git.exe","29872", "1", "2020-10-28T00:10:45", "", 
"runnerw64.exe","13992", "1", "2020-10-28T00:10:45", "", 
"conhost.exe","22676", "1", "2020-10-28T00:10:45", "", 
"cmd.exe","13132", "0", "2020-10-28T00:13:10", "", 
"cmd.exe","13132", "1", "2020-10-28T00:13:10", "", 
"conhost.exe","20512", "0", "2020-10-28T00:13:10", "", 
"chrome.exe","31108", "0", "2020-10-28T00:13:10", "", 
"conhost.exe","20512", "1", "2020-10-28T00:13:10", "", 
"chrome.exe","31108", "1", "2020-10-28T00:13:10", "", 
"chrome.exe","10188", "0", "2020-10-28T00:13:10", "", 
"chrome.exe","26584", "0", "2020-10-28T00:13:10", "", 
"chrome.exe","10188", "1", "2020-10-28T00:13:11", "", 
"runnerw64.exe","20012", "0", "2020-10-28T00:13:11", "", 
"conhost.exe","30860", "0", "2020-10-28T00:13:11", "", 
"git.exe","32240", "0", "2020-10-28T00:13:11", "", 
"git.exe","34484", "0", "2020-10-28T00:13:11", "", 
"git.exe","32240", "1", "2020-10-28T00:13:11", "", 
"runnerw64.exe","20012", "1", "2020-10-28T00:13:11", "", 
"conhost.exe","30860", "1", "2020-10-28T00:13:11", "", 
"git.exe","34484", "1", "2020-10-28T00:13:12", "", 
"runnerw64.exe","22812", "0", "2020-10-28T00:14:21", "", 
"conhost.exe","30440", "0", "2020-10-28T00:14:21", "", 
"git.exe","33996", "0", "2020-10-28T00:14:21", "", 
"git.exe","13524", "0", "2020-10-28T00:14:21", "", 
"runnerw64.exe","26620", "0", "2020-10-28T00:14:21", "", 
"conhost.exe","2532", "0", "2020-10-28T00:14:21", "", 
"git.exe","21660", "0", "2020-10-28T00:14:22", "", 
"git.exe","13524", "1", "2020-10-28T00:14:22", "", 
"git.exe","33996", "1", "2020-10-28T00:14:22", "", 
"runnerw64.exe","22812", "1", "2020-10-28T00:14:22", "", 
"conhost.exe","30440", "1", "2020-10-28T00:14:22", "", 
"git.exe","23968", "0", "2020-10-28T00:14:22", "", 
"git.exe","21660", "1", "2020-10-28T00:14:23", "", 
"runnerw64.exe","26620", "1", "2020-10-28T00:14:23", "", 
"git.exe","23968", "1", "2020-10-28T00:14:23", "", 
"conhost.exe","2532", "1", "2020-10-28T00:14:23", "", 
"cmd.exe","7588", "0", "2020-10-28T00:15:41", "", 
"conhost.exe","34924", "0", "2020-10-28T00:15:41", "", 
"chrome.exe","8560", "0", "2020-10-28T00:15:41", "", 
"chrome.exe","1272", "0", "2020-10-28T00:15:41", "", 
"chrome.exe","16748", "0", "2020-10-28T00:15:41", "", 
"runnerw64.exe","35428", "0", "2020-10-28T00:15:41", "", 
"conhost.exe","26564", "0", "2020-10-28T00:15:41", "", 
"git.exe","33712", "0", "2020-10-28T00:15:41", "", 
"git.exe","10948", "0", "2020-10-28T00:15:41", "", 
"cmd.exe","7588", "1", "2020-10-28T00:15:42", "", 
"conhost.exe","34924", "1", "2020-10-28T00:15:42", "", 
"chrome.exe","8560", "1", "2020-10-28T00:15:42", "", 
"chrome.exe","1272", "1", "2020-10-28T00:15:42", "", 
"git.exe","10948", "1", "2020-10-28T00:15:42", "", 
"git.exe","33712", "1", "2020-10-28T00:15:42", "", 
"runnerw64.exe","35428", "1", "2020-10-28T00:15:42", "", 
"conhost.exe","26564", "1", "2020-10-28T00:15:42", "", 
"runnerw64.exe","33992", "0", "2020-10-28T00:15:42", "", 
"conhost.exe","14880", "0", "2020-10-28T00:15:42", "", 
"git.exe","21892", "0", "2020-10-28T00:15:42", "", 
"git.exe","5832", "0", "2020-10-28T00:15:42", "", 
"git.exe","5832", "1", "2020-10-28T00:15:43", "", 
"git.exe","21892", "1", "2020-10-28T00:15:43", "", 
"runnerw64.exe","33992", "1", "2020-10-28T00:15:43", "", 
"conhost.exe","14880", "1", "2020-10-28T00:15:43", "", 
"backgroundTaskHost.exe","11408", "0", "2020-10-28T00:16:03", "", 
"backgroundTaskHost.exe","17176", "0", "2020-10-28T00:16:03", "", 
"HxTsr.exe","35668", "0", "2020-10-28T00:16:03", "", 
"RuntimeBroker.exe","24964", "0", "2020-10-28T00:16:03", "", 
"RuntimeBroker.exe","8276", "0", "2020-10-28T00:16:03", "", 
"HxTsr.exe","35668", "1", "2020-10-28T00:16:05", "", 
"runnerw64.exe","27416", "0", "2020-10-28T00:16:13", "", 
"conhost.exe","30136", "0", "2020-10-28T00:16:13", "", 
"git.exe","11248", "0", "2020-10-28T00:16:13", "", 
"git.exe","33296", "0", "2020-10-28T00:16:13", "", 
"git.exe","33296", "1", "2020-10-28T00:16:14", "", 
"git.exe","11248", "1", "2020-10-28T00:16:14", "", 
"runnerw64.exe","27416", "1", "2020-10-28T00:16:14", "", 
"runnerw64.exe","1928", "0", "2020-10-28T00:16:14", "", 
"conhost.exe","30136", "1", "2020-10-28T00:16:14", "", 
"conhost.exe","27000", "0", "2020-10-28T00:16:14", "", 
"git.exe","22548", "0", "2020-10-28T00:16:14", "", 
"git.exe","13168", "0", "2020-10-28T00:16:14", "", 
"git.exe","13168", "1", "2020-10-28T00:16:14", "", 
"git.exe","22548", "1", "2020-10-28T00:16:14", "", 
"runnerw64.exe","1928", "1", "2020-10-28T00:16:14", "", 
"conhost.exe","27000", "1", "2020-10-28T00:16:14", "", 
"runnerw64.exe","26536", "0", "2020-10-28T00:16:14", "", 
"conhost.exe","35724", "0", "2020-10-28T00:16:14", "", 
"git.exe","1140", "0", "2020-10-28T00:16:14", "", 
"git.exe","12192", "0", "2020-10-28T00:16:14", "", 
"git.exe","12192", "1", "2020-10-28T00:16:14", "", 
"git.exe","1140", "1", "2020-10-28T00:16:15", "", 
"runnerw64.exe","26536", "1", "2020-10-28T00:16:15", "", 
"conhost.exe","35724", "1", "2020-10-28T00:16:16", "", 
"RuntimeBroker.exe","8276", "1", "2020-10-28T00:16:47", "", 
"backgroundTaskHost.exe","17176", "1", "2020-10-28T00:17:04", "", 
"backgroundTaskHost.exe","11408", "1", "2020-10-28T00:17:05", "", 
"LocationNotificationWindows.exe","5472", "0", "2020-10-28T00:17:16", "", 
"LocationNotificationWindows.exe","5472", "1", "2020-10-28T00:17:22", "", 
"cmd.exe","28724", "0", "2020-10-28T00:17:26", "", 
"cmd.exe","28724", "1", "2020-10-28T00:17:26", "", 
"conhost.exe","24712", "0", "2020-10-28T00:17:26", "", 
"chrome.exe","26676", "0", "2020-10-28T00:17:26", "", 
"conhost.exe","24712", "1", "2020-10-28T00:17:26", "", 
"chrome.exe","26676", "1", "2020-10-28T00:17:26", "", 
"chrome.exe","30640", "0", "2020-10-28T00:17:26", "", 
"chrome.exe","15852", "0", "2020-10-28T00:17:26", "", 
"runnerw64.exe","24720", "0", "2020-10-28T00:17:26", "", 
"conhost.exe","15632", "0", "2020-10-28T00:17:26", "", 
"git.exe","26796", "0", "2020-10-28T00:17:26", "", 
"git.exe","35720", "0", "2020-10-28T00:17:26", "", 
"chrome.exe","30640", "1", "2020-10-28T00:17:27", "", 
"git.exe","35720", "1", "2020-10-28T00:17:27", "", 
"git.exe","26796", "1", "2020-10-28T00:17:27", "", 
"runnerw64.exe","24720", "1", "2020-10-28T00:17:27", "", 
"conhost.exe","15632", "1", "2020-10-28T00:17:28", "", 
"RuntimeBroker.exe","24964", "1", "2020-10-28T00:17:35", "", 
"HxTsr.exe","34856", "0", "2020-10-28T00:18:03", "", 
"backgroundTaskHost.exe","2564", "0", "2020-10-28T00:18:03", "", 
"backgroundTaskHost.exe","4812", "0", "2020-10-28T00:18:03", "", 
"RuntimeBroker.exe","27636", "0", "2020-10-28T00:18:03", "", 
"HxTsr.exe","34856", "1", "2020-10-28T00:18:04", "", 
"svchost.exe","34008", "0", "2020-10-28T00:18:04", "", 
"svchost.exe","34008", "1", "2020-10-28T00:18:11", "", 
"ARP.EXE","26196", "0", "2020-10-28T00:18:13", "", 
"ARP.EXE","26196", "1", "2020-10-28T00:18:13", "", 
"conhost.exe","23624", "0", "2020-10-28T00:18:13", "", 
"ARP.EXE","11232", "0", "2020-10-28T00:18:13", "", 
"conhost.exe","25916", "0", "2020-10-28T00:18:13", "", 
"ARP.EXE","33544", "0", "2020-10-28T00:18:13", "", 
"conhost.exe","21348", "0", "2020-10-28T00:18:13", "", 
"ARP.EXE","30376", "0", "2020-10-28T00:18:13", "", 
"conhost.exe","28804", "0", "2020-10-28T00:18:13", "", 
"ARP.EXE","11232", "1", "2020-10-28T00:18:14", "", 
"conhost.exe","25916", "1", "2020-10-28T00:18:14", "", 
"ARP.EXE","33544", "1", "2020-10-28T00:18:14", "", 
"conhost.exe","21348", "1", "2020-10-28T00:18:14", "", 
"ARP.EXE","30376", "1", "2020-10-28T00:18:14", "", 
"conhost.exe","28804", "1", "2020-10-28T00:18:14", "", 
"conhost.exe","23624", "1", "2020-10-28T00:18:14", "", 
"chrome.exe","6652", "1", "2020-10-28T00:18:25", "", 
"chrome.exe","9336", "1", "2020-10-28T00:18:26", "", 
"chrome.exe","16992", "1", "2020-10-28T00:18:30", "", 
"chrome.exe","31896", "1", "2020-10-28T00:18:30", "", 
"chrome.exe","26584", "1", "2020-10-28T00:18:30", "", 
"chrome.exe","16748", "1", "2020-10-28T00:18:31", "", 
"runnerw64.exe","33588", "0", "2020-10-28T00:18:41", "", 
"conhost.exe","14796", "0", "2020-10-28T00:18:41", "", 
"git.exe","17320", "0", "2020-10-28T00:18:41", "", 
"git.exe","28360", "0", "2020-10-28T00:18:41", "", 
"git.exe","17320", "1", "2020-10-28T00:18:41", "", 
"runnerw64.exe","33588", "1", "2020-10-28T00:18:41", "", 
"conhost.exe","14796", "1", "2020-10-28T00:18:41", "", 
"runnerw64.exe","24988", "0", "2020-10-28T00:18:41", "", 
"conhost.exe","32068", "0", "2020-10-28T00:18:41", "", 
"git.exe","35068", "0", "2020-10-28T00:18:41", "", 
"git.exe","28360", "1", "2020-10-28T00:18:42", "", 
"git.exe","2316", "0", "2020-10-28T00:18:42", "", 
"git.exe","2316", "1", "2020-10-28T00:18:42", "", 
"git.exe","35068", "1", "2020-10-28T00:18:42", "", 
"runnerw64.exe","24988", "1", "2020-10-28T00:18:42", "", 
"conhost.exe","32068", "1", "2020-10-28T00:18:43", "", 
"runnerw64.exe","29628", "0", "2020-10-28T00:18:43", "", 
"conhost.exe","3200", "0", "2020-10-28T00:18:43", "", 
"git.exe","11308", "0", "2020-10-28T00:18:43", "", 
"git.exe","16744", "0", "2020-10-28T00:18:43", "", 
"runnerw64.exe","29628", "1", "2020-10-28T00:18:44", "", 
"conhost.exe","3200", "1", "2020-10-28T00:18:44", "", 
"git.exe","11308", "1", "2020-10-28T00:18:44", "", 
"git.exe","16744", "1", "2020-10-28T00:18:44", "", 
"RuntimeBroker.exe","27636", "1", "2020-10-28T00:18:45", "", 
"ARP.EXE","13888", "0", "2020-10-28T00:18:49", "", 
"ARP.EXE","13888", "1", "2020-10-28T00:18:49", "", 
"conhost.exe","30380", "0", "2020-10-28T00:18:49", "", 
"ARP.EXE","13332", "0", "2020-10-28T00:18:49", "", 
"ARP.EXE","13332", "1", "2020-10-28T00:18:49", "", 
"conhost.exe","25740", "0", "2020-10-28T00:18:49", "", 
"LocationNotificationWindows.exe","16336", "0", "2020-10-28T00:18:49", "", 
"conhost.exe","25740", "1", "2020-10-28T00:18:50", "", 
"conhost.exe","30380", "1", "2020-10-28T00:18:50", "", 
"LocationNotificationWindows.exe","16336", "1", "2020-10-28T00:18:56", "", 
"backgroundTaskHost.exe","2564", "1", "2020-10-28T00:19:04", "", 
"backgroundTaskHost.exe","4812", "1", "2020-10-28T00:19:06", "", 
"chrome.exe","32964", "0", "2020-10-28T00:19:09", "", 
"chrome.exe","32964", "1", "2020-10-28T00:19:11", "", 
"ARP.EXE","20932", "0", "2020-10-28T00:19:21", "", 
"ARP.EXE","20932", "1", "2020-10-28T00:19:21", "", 
"conhost.exe","6280", "0", "2020-10-28T00:19:21", "", 
"conhost.exe","6280", "1", "2020-10-28T00:19:21", "", 
"ARP.EXE","34916", "0", "2020-10-28T00:19:21", "", 
"conhost.exe","33960", "0", "2020-10-28T00:19:21", "", 
"conhost.exe","33960", "1", "2020-10-28T00:19:21", "", 
"ARP.EXE","34916", "1", "2020-10-28T00:19:21", "", 
"LocationNotificationWindows.exe","33088", "0", "2020-10-28T00:19:22", "", 
"LocationNotificationWindows.exe","33088", "1", "2020-10-28T00:19:26", "", 
"backgroundTaskHost.exe","11380", "0", "2020-10-28T00:19:26", "", 
"RuntimeBroker.exe","26952", "0", "2020-10-28T00:19:26", "", 
"LocalBridge.exe","27688", "0", "2020-10-28T00:19:26", "", 
"LocalBridge.exe","27688", "1", "2020-10-28T00:19:30", "", 
"backgroundTaskHost.exe","11380", "1", "2020-10-28T00:20:28", "", 
"RuntimeBroker.exe","26952", "1", "2020-10-28T00:20:59", "", 
"LocationNotificationWindows.exe","17632", "0", "2020-10-28T00:22:20", "", 
"LocationNotificationWindows.exe","17632", "1", "2020-10-28T00:22:27", "", 
"MusNotifyIcon.","24304", "1", "2020-10-28T00:24:03", "", 
"MusNotificatio","23544", "1", "2020-10-28T00:24:04", "", 
"MusNotificatio","34368", "1", "2020-10-28T00:24:04", "", 
"MusNotificatio","35076", "1", "2020-10-28T00:24:04", "", 
"mcupdate.exe","34600", "1", "2020-10-28T00:24:35", "", 
"backgroundTaskHost.exe","2640", "0", "2020-10-28T00:26:32", "", 
"LocationNotificationWindows.exe","33588", "0", "2020-10-28T00:26:33", "", 
"cmd.exe","3200", "0", "2020-10-28T00:26:36", "", 
"conhost.exe","6316", "0", "2020-10-28T00:26:36", "", 
"chrome.exe","7488", "0", "2020-10-28T00:26:36", "", 
"chrome.exe","27996", "0", "2020-10-28T00:26:37", "", 
"chrome.exe","6080", "0", "2020-10-28T00:26:37", "", 
"runnerw64.exe","27972", "0", "2020-10-28T00:26:37", "", 
"conhost.exe","28368", "0", "2020-10-28T00:26:37", "", 
"git.exe","32988", "0", "2020-10-28T00:26:37", "", 
"git.exe","22172", "0", "2020-10-28T00:26:37", "", 
"cmd.exe","3200", "1", "2020-10-28T00:26:38", "", 
"conhost.exe","6316", "1", "2020-10-28T00:26:38", "", 
"chrome.exe","7488", "1", "2020-10-28T00:26:38", "", 
"chrome.exe","27996", "1", "2020-10-28T00:26:38", "", 
"git.exe","22172", "1", "2020-10-28T00:26:38", "", 
"git.exe","32988", "1", "2020-10-28T00:26:38", "", 
"runnerw64.exe","27972", "1", "2020-10-28T00:26:38", "", 
"conhost.exe","28368", "1", "2020-10-28T00:26:38", "", 
"LocationNotificationWindows.exe","33588", "1", "2020-10-28T00:26:38", "", 
"runnerw64.exe","11004", "0", "2020-10-28T00:26:38", "", 
"conhost.exe","35320", "0", "2020-10-28T00:26:38", "", 
"git.exe","21220", "0", "2020-10-28T00:26:39", "", 
"git.exe","18436", "0", "2020-10-28T00:26:39", "", 
"git.exe","18436", "1", "2020-10-28T00:26:40", "", 
"git.exe","21220", "1", "2020-10-28T00:26:40", "", 
"conhost.exe","35320", "1", "2020-10-28T00:26:40", "", 
"runnerw64.exe","11004", "1", "2020-10-28T00:26:40", "", 
"backgroundTaskHost.exe","2640", "1", "2020-10-28T00:27:34", "", 
"runnerw64.exe","27468", "0", "2020-10-28T00:28:04", "", 
"conhost.exe","6212", "0", "2020-10-28T00:28:04", "", 
"git.exe","35084", "0", "2020-10-28T00:28:05", "", 
"git.exe","520", "0", "2020-10-28T00:28:05", "", 
"git.exe","20824", "0", "2020-10-28T00:28:05", "", 
"git-remote-https.exe","35080", "0", "2020-10-28T00:28:05", "", 
"runnerw64.exe","12148", "0", "2020-10-28T00:28:05", "", 
"conhost.exe","27344", "0", "2020-10-28T00:28:05", "", 
"git.exe","27816", "0", "2020-10-28T00:28:05", "", 
"git.exe","4000", "0", "2020-10-28T00:28:05", "", 
"git.exe","28920", "0", "2020-10-28T00:28:05", "", 
"git-remote-https.exe","28032", "0", "2020-10-28T00:28:05", "", 
"git-remote-https.exe","35080", "1", "2020-10-28T00:28:06", "", 
"git.exe","20824", "1", "2020-10-28T00:28:06", "", 
"git.exe","520", "1", "2020-10-28T00:28:06", "", 
"git.exe","35084", "1", "2020-10-28T00:28:06", "", 
"runnerw64.exe","27468", "1", "2020-10-28T00:28:06", "", 
"conhost.exe","6212", "1", "2020-10-28T00:28:06", "", 
"git-remote-https.exe","28032", "1", "2020-10-28T00:28:06", "", 
"git.exe","28920", "1", "2020-10-28T00:28:06", "", 
"git.exe","4000", "1", "2020-10-28T00:28:06", "", 
"git.exe","27816", "1", "2020-10-28T00:28:06", "", 
"runnerw64.exe","12148", "1", "2020-10-28T00:28:06", "", 
"conhost.exe","27344", "1", "2020-10-28T00:28:07", "", 
"ARP.EXE","34416", "0", "2020-10-28T00:28:13", "", 
"ARP.EXE","34416", "1", "2020-10-28T00:28:13", "", 
"conhost.exe","5676", "0", "2020-10-28T00:28:13", "", 
"ARP.EXE","26684", "0", "2020-10-28T00:28:13", "", 
"conhost.exe","29344", "0", "2020-10-28T00:28:13", "", 
"ARP.EXE","7016", "0", "2020-10-28T00:28:14", "", 
"conhost.exe","5676", "1", "2020-10-28T00:28:14", "", 
"ARP.EXE","26684", "1", "2020-10-28T00:28:14", "", 
"conhost.exe","29344", "1", "2020-10-28T00:28:14", "", 
"conhost.exe","23276", "0", "2020-10-28T00:28:14", "", 
"ARP.EXE","7016", "1", "2020-10-28T00:28:14", "", 
"conhost.exe","23276", "1", "2020-10-28T00:28:14", "", 
"ARP.EXE","20788", "0", "2020-10-28T00:28:14", "", 
"ARP.EXE","20788", "1", "2020-10-28T00:28:14", "", 
"conhost.exe","31856", "0", "2020-10-28T00:28:14", "", 
"conhost.exe","31856", "1", "2020-10-28T00:28:15", "", 
"runnerw64.exe","5112", "0", "2020-10-28T00:28:19", "", 
"conhost.exe","35824", "0", "2020-10-28T00:28:19", "", 
"git.exe","11176", "0", "2020-10-28T00:28:19", "", 
"git.exe","31364", "0", "2020-10-28T00:28:19", "", 
"git.exe","11176", "1", "2020-10-28T00:28:19", "", 
"runnerw64.exe","5112", "1", "2020-10-28T00:28:19", "", 
"conhost.exe","35824", "1", "2020-10-28T00:28:19", "", 
"runnerw64.exe","30632", "0", "2020-10-28T00:28:19", "", 
"conhost.exe","27680", "0", "2020-10-28T00:28:19", "", 
"git.exe","22728", "0", "2020-10-28T00:28:19", "", 
"git.exe","31596", "0", "2020-10-28T00:28:19", "", 
"git.exe","31364", "1", "2020-10-28T00:28:19", "", 
"git.exe","31596", "1", "2020-10-28T00:28:20", "", 
"runnerw64.exe","33504", "0", "2020-10-28T00:28:20", "", 
"conhost.exe","30876", "0", "2020-10-28T00:28:20", "", 
"git.exe","22728", "1", "2020-10-28T00:28:20", "", 
"runnerw64.exe","30632", "1", "2020-10-28T00:28:20", "", 
"conhost.exe","27680", "1", "2020-10-28T00:28:20", "", 
"git.exe","13768", "0", "2020-10-28T00:28:21", "", 
"git.exe","32860", "0", "2020-10-28T00:28:21", "", 
"git.exe","32860", "1", "2020-10-28T00:28:22", "", 
"git.exe","13768", "1", "2020-10-28T00:28:22", "", 
"runnerw64.exe","33504", "1", "2020-10-28T00:28:22", "", 
"conhost.exe","30876", "1", "2020-10-28T00:28:23", "", 
"ARP.EXE","33788", "0", "2020-10-28T00:28:50", "", 
"conhost.exe","31828", "0", "2020-10-28T00:28:50", "", 
"ARP.EXE","3176", "0", "2020-10-28T00:28:50", "", 
"conhost.exe","26232", "0", "2020-10-28T00:28:50", "", 
"ARP.EXE","33788", "1", "2020-10-28T00:28:51", "", 
"conhost.exe","31828", "1", "2020-10-28T00:28:51", "", 
"ARP.EXE","3176", "1", "2020-10-28T00:28:51", "", 
"conhost.exe","26232", "1", "2020-10-28T00:28:51", "", 
"LocationNotificationWindows.exe","15452", "0", "2020-10-28T00:28:51", "", 
"LocationNotificationWindows.exe","15452", "1", "2020-10-28T00:28:57", "", 
"runnerw64.exe","20616", "0", "2020-10-28T00:29:16", "", 
"conhost.exe","11768", "0", "2020-10-28T00:29:16", "", 
"git.exe","35140", "0", "2020-10-28T00:29:16", "", 
"git.exe","13240", "0", "2020-10-28T00:29:16", "", 
"git.exe","13240", "1", "2020-10-28T00:29:17", "", 
"git.exe","35140", "1", "2020-10-28T00:29:17", "", 
"runnerw64.exe","20616", "1", "2020-10-28T00:29:17", "", 
"conhost.exe","11768", "1", "2020-10-28T00:29:17", "", 
"ARP.EXE","5604", "0", "2020-10-28T00:29:20", "", 
